"Product Name","Unit Price","Quantity","Product Code","Opportunity Name","Probability","Close Date","Type","Opportunity ID"
"Edge SLA SLA: Silver",20000.0,1.0,"SL9040","Edge SLA",100.0,"2014-05-17","Opportunity","00636000008InKzAAK"
"Edge SLA SLA: Gold",30000.0,1.0,"SL9060","Edge SLA",100.0,"2014-05-17","Opportunity","00636000008InKzAAK"
"Edge SLA SLA: Bronze",10000.0,1.0,"SL9020","Edge SLA",100.0,"2014-05-17","Opportunity","00636000008InKzAAK"
" "," "," "," ","Grand Hotels SLA",100.0,"2014-05-17","Opportunity","00636000008InL1AAK"
" "," "," "," ","Express Logistics SLA",70.0,"2014-05-17","Opportunity","00636000008InL3AAK"
" "," "," "," ","Express Logistics Standby Generator",100.0,"2014-05-17","Opportunity","00636000008InL4AAK"
" "," "," "," ","University of AZ Installations",75.0,"2014-05-17","Opportunity","00636000008InL5AAK"
" "," "," "," ","University of AZ Portable Generators",100.0,"2014-05-17","Opportunity","00636000008InL6AAK"
" "," "," "," ","University of AZ SLA",100.0,"2014-05-17","Opportunity","00636000008InL7AAK"
" "," "," "," ","United Oil Emergency Generators",100.0,"2014-05-17","Opportunity","00636000008InL8AAK"
" "," "," "," ","United Oil Installations",100.0,"2014-05-17","Opportunity","00636000008InL9AAK"
" "," "," "," ","United Oil Installations",90.0,"2014-05-17","Opportunity","00636000008InLAAA0"
" "," "," "," ","United Oil Office Portable Generators",90.0,"2014-05-17","Opportunity","00636000008InLBAA0"
" "," "," "," ","GenePoint Standby Generator",100.0,"2014-05-17","Opportunity","00636000008InLCAA0"
"Burlington Textiles Weaving Plant Generator SLA: Bronze",25.0,10.0,"SL9020","Burlington Textiles Weaving Plant Generator",100.0,"2014-05-17","Opportunity","00636000008InLDAA0"
" "," "," "," ","United Oil Installations",100.0,"2014-05-17","Opportunity","00636000008InLEAA0"
" "," "," "," ","United Oil Refinery Generators",100.0,"2014-05-17","Opportunity","00636000008InLGAA0"
" "," "," "," ","United Oil Refinery Generators",75.0,"2014-05-17","Opportunity","00636000008InLHAA0"
" "," "," "," ","United Oil SLA",100.0,"2014-05-17","Opportunity","00636000008InLIAA0"
" "," "," "," ","United Oil Standby Generators",100.0,"2014-05-17","Opportunity","00636000008InLJAA0"
" "," "," "," ","GenePoint SLA",100.0,"2014-05-17","Opportunity","00636000008InLLAA0"
" "," "," "," ","Edge Emergency Generator",100.0,"2014-05-17","Opportunity","00636000008InLMAA0"
" "," "," "," ","Edge Installation",100.0,"2014-05-17","Opportunity","00636000008InLOAA0"
" "," "," "," ","Grand Hotels Emergency Generators",100.0,"2014-05-17","Opportunity","00636000008InLRAA0"
" "," "," "," ","Grand Hotels Generator Installations",100.0,"2014-05-17","Opportunity","00636000008InLSAA0"
